mac,mean_distance,chr,pos
38,1892.1081977220842,1,6167132
33,1807.1158185977022,1,12086029
33,1328.1730463943732,1,22508950
36,3786.527521630421,2,5927469
47,2612.7504294354444,2,8198266
57,1034.564320960212,2,8570307
33,1659.1255749196725,3,10663084
178,4053.473474632309,4,273465
41,1747.2329735344442,4,3920265
71,3080.0977575360153,4,7917355
34,1128.3993427291325,4,16556249
39,1063.3892520458162,5,2386447
37,2522.86447158978,5,16238180
